utt_id,topic,wer_baseline,wer_topic,delta_wer,ref,hyp_baseline,hyp_topic
-3xW7Mihgjk_0__c4fdf51c_00_000000_000093,Education/Academic,53.8,15.4,38.5,educational neuroscience if you want to learn more about it one way is,international courts and if you learn more about it in one way,international consensus if you want to learn more about it one way is
V8xMY1yTxSU_0__1343076b_00_000000_000196,Other,92.3,65.4,26.9,as a spy she's helping the greasers because there's a what right the big rumble is going to come down between the socias and the greasers,in spanish he told me that you need to speak english because this is america and when the big rebels come down between soldiers and,and spaghetti and tomato sauce and zucchini and what and the meatballs are going to come down between the sauces and
KP5OQX5-A5U_0__11b48845_00_000000_000104,Other,80.0,53.3,26.7,history and her name was mrs moses i've told this story before but it's a,this video i was smoking cigarettes and i've told this to performers,this video i was smoking cigarettes and i've told this story before but it's
ef5qg-h3h9A_6__8339f672_00_000000_000229,Other,84.4,59.4,25.0,when you know how to grow instagram when you know how to get millions of impressions when you can consistently generate a million impressions a week on your profile when you can,where you go out and grow a strawberry where you grow out and get peaches from branches where you can see the,when you go out to grow a crop when you grow out to get pesticides when you know it's just to generate a pesticide profile when you can see
GEvjYLuudxs_12__7eb6c4c3_00_000000_000200,Other,100.0,76.9,23.1,and she loves the acting on it to me csi miami is excretable,my auntie and she loves the idea of it with me because she's a yam i mean yam is edible,my auntie and she loves the idea on it to me it's just a yam my aunty is adorable
iwpcigkAeco_25__28676efc_00_000000_000120,Other,83.3,61.1,22.2,which is the t5i line the 700d line so i think we're going to see a 700d line,1995 i think that's a good year to start so i think we can see,cnn is on cnn 5 i think we're going to see
494GB5eMwl4_20__8f4d028d_00_000000_000149,Other,85.7,64.3,21.4,which means it's only visible from within the package that it was defined in,who he is because it's already familiar from the manga that we saw earlier,he means it's already familiar from the manga that we saw earlier
f3SWHMY48Fc_11__aab109e0_01_000239_000333,Other,100.0,78.6,21.4,that we're going to work on for next week i'll probably put something up,but it's also about putting yourself in a position to,we're going to talk a little bit about prison reform and
VMygSsdhn3g_9__46e7486a_00_000000_000076,Other,90.9,72.7,18.2,and i had a degree of bitterness about that and resentment,i don't know but,i don't know about that but
SjHUpX28EPo_4__6b880e6b_00_000000_000197,Other,52.6,36.8,15.8,we found that for glucose and the glucose in maltose the same maximum rate of oxidation was found with,we found that for girls aged 10 to 12 years the same maximum brain volume of cortical thickness was found with,we found that for girls and boys and adults the same maximum brain of cortisol was found with
Xv-Iawog5-g_0__d64ac555_00_000000_000131,Other,92.3,76.9,15.4,let's try sketchy edges this one's pretty fun so if we click on,trying to catch the catching agents which was really fun so if you're going to,it's catching catching agents which is more fun so if we can get on and
ciCGeYPBW48_18__1a88bab0_00_000000_000090,Other,100.0,85.7,14.3,you've got the rain outside i don't,when i was 18 years old i,the speaker is discussing other
eUIoJsvKJ4E_0__f480a719_00_000000_000359,Technology,59.4,46.9,12.5,to the word spelling yeah you have to learn spelling i know that english spelling is very difficult i have a resource about that too on our engvid website about 50 comm,so worried about smelling that you have to know the smell and i know that the genie smell is very difficult and i have to warn you about that too on our website about 15 carbon,word is belly you have to know the belly i know that the chinese belly is very difficult and i have a video about that too on our website about 15 carpets
FHDYiJR52js_4__d77ee28c_00_000000_000137,Other,100.0,87.5,12.5,by the judge below the sentencing guidelines range,i'm going to tell you,the speaker is discussing other
uIC7MmQqn3k_8__12177a7f_00_000000_000108,Other,100.0,87.5,12.5,the constitution after the constitution has been written,i think it's important to remember that,the speaker is discussing other
1a7VSPGx9wg_0__2a78f335_00_000000_000091,Other,100.0,87.5,12.5,it's one of the secrets that i've discovered,when i was in high school i,the speaker is discussing other
97o2diCaVFE_4__29e6f544_00_000000_000127,Medical/Health,55.6,44.4,11.1,is the first time i ever heard an ad for bariatric surgery i mean they even had a,first time i ever learned i had to memorize the periodic table i mean they even had a,the first time i ever heard i had a parasite in my stomach i mean they even had a
F8h0Xz20U8w_0__f1c45053_00_000000_000072,Other,70.0,60.0,10.0,and import fees before shipping a whole lot of sets,taking more fish but there's still a whole lot of sense,taking more fees but there's still a whole lot of sense
o6Zwa1rEWpM_1__2e8fce13_01_000300_000379,Other,80.0,70.0,10.0,and how we can kind of turbocharge this whole thing,and how he got into the urban church so,and how we got into the urban church so
hZZCD0xhWds_1__2a88900c_00_000000_000142,Other,100.0,90.9,9.1,today we're going to give you a behind the scenes look at what we've been doing in the stage 3 colts lesson,ted i'm really glad you're here thank you so much for being here it's an honor to have you,i'm really excited to be here today because i think that one of the most important things
bUDhJQO8jAQ_18__6ee82b18_00_000000_000117,Politics/News,100.0,90.9,9.1,or emmy awards and say and i want to thank you,i'm going to tell you a story,the speaker is discussing politics and news
3Tjnsb7aLBM_6__2a99968d_00_000000_000090,Other,100.0,90.9,9.1,we store water in the summer season when it's very cold,2001 a space odyssey was,the speaker is discussing other
TMl5agpvrug_16__23169101_01_000299_000388,Technology,72.7,63.6,9.1,interchangeable lens it's difficult to get different looks from this camera,judicial landscape is difficult to navigate from this vantage point,changeable lens is difficult to influence from the outside
tUcgHemnJiQ_0__2fc132c1_00_000000_000177,Technology,73.9,65.2,8.7,is neither i actually use the overhead lights which are mostly fluorescent which i know is a big no no but this camera,together i actually used the overheard ghost whisperer music for that scene which i know is about to go on but the scene runs,together i actually used the overhead projector and music visualizer which i know is about to go on but the team runs
eAEsrXUkMWY_18__e8f9d0fa_00_000000_000172,Other,82.6,73.9,8.7,and then you divide through by a in order to make it monic so the leading coefficient is 1 and then you complete,use a lab puppy and in order to make money to get off of the streets one they should be,you're slamming your hand in order to make money to get over the finish line and then you should be
rLatQdzLXHM_2__d6cf7206_00_000000_000300,Other,87.5,79.2,8.3,and furthermore all the nisam the wondrous remarkable nisam the klaali sral had that was bestowed upon them from the time they left mithra,and furthermore who said this system wasn't just a remarkable system it was a dangerous system as i was misinterpreted from the top down from the,and furthermore who said this system wasn't just remarkable it was remarkably dangerous as it was misused and abused from the top down from the
nFXWpdkMOVI_0__2be0910b_00_000000_000110,Entertainment,100.0,91.7,8.3,scale this is the cheapest best one i'll show you guys after,cell so that intership experience will ensure that everything,so that the ship's speed will increase and after a little
Rh2wBBxOZq8_4__ae794778_00_000000_000091,Business/Finance,100.0,91.7,8.3,and so that is where we get our ionic product of water,i don't need a brother to worship god,the speaker is discussing business and finance
5mvz9XnwJWw_10__861de884_00_000000_000239,Entertainment,92.0,84.0,8.0,auto suggest box we're not implementing search i just want you to be able to successfully use the visual state manager to show and hide,i'm going to suggest please with the prime minister's association one you would have been able to a successful history of short term management to show,i'll suggest please with the prime minister's association one you would have been able to succeed with the story of sir david attenborough showing
Jj2TRJmOunU_1__a16a1273_00_000000_000126,Cooking/Food,100.0,92.3,7.7,and urological association in creating this guideline the panel aimed to provide directions,when i was 19 years old i was,the speaker is discussing cooking food
DFGmd7zg5gs_6__5747bd11_01_000300_000416,Other,100.0,92.3,7.7,possibly make it because i hated history when i was a little girl,i'm a manic depressive with bipolar disorder,ma'am i'm sorry i didn't understand what you said
EMfcKvHA5Uc_0__b74dba61_00_000000_000078,Other,100.0,92.3,7.7,china to take off to cross the pacific ocean can you tell us,i don't think that's a good idea,the speaker is discussing other
-ioPqewVHYw_8__02580a1f_00_000000_000119,Other,96.3,88.9,7.4,their oar was the same you know each was the same and he was in the middle and he didn't know whether to suicide left or right,ruled with an iron fist in a velvet glove my name is kim bowie and in the words of nikki giovanni,role was damon in greys anatomy today my name is camille and in the words of derek shepherd
iBLXDIoM4Ho_14__50e343d6_00_000000_000349,Technology,85.7,78.6,7.1,because it's so much kind of simpler to get started and hosted and everything and then i played with a few frameworks like codeigniter and eventually wrote laravel,maybe it's because i'm a little bit that i have some weird guitar noises and everything and then i play with a full five piece orchestra and if you see the whole interview,maybe it's a little bit that i have some guitar hero holes and everything and then i play with a full five piece orchestra and if you see the whole interview
ih6EhNsHCfg_21__13f0ea4b_00_000000_000072,Other,100.0,92.9,7.1,to get help along the way for instance if you're not a graphic designer,when i was a little boy i was,the speaker is discussing other
uS43APrsXYI_3__a5ed80c7_00_000000_000148,Other,100.0,93.8,6.2,way to the left to make the shadows really dark all the way to the right,when i was a little girl i always wanted to be a princess,the speaker is discussing other
Ir8ayIkhJ2g_12__ffdb9f1f_00_000000_000132,Cooking/Food,100.0,93.8,6.2,and now we're on to beat two so this is half of a half of a,when i was a little girl my grandmother taught me to,the speaker is discussing cooking food
jLBAUGvLuq8_0__fdcd8f16_00_000000_000183,Other,88.2,82.4,5.9,look at this here's two dollars and a self addressed stamped envelope first things first the bender,look at this there are two arrows instead of intersecting at the same time they're parallel to each other,look at this straws you see instead of intersecting at the same time topper first straw first they're better
CR8NZiY7dK4_0__dbe2e9c7_00_000000_000137,Business/Finance,100.0,94.1,5.9,to buy it from the bank as an individual because they do turn it over to their,when i was a teenager i was,the speaker is discussing business finance
EDz9ipJCdgE_3__bbcd03c6_00_000000_000121,Cooking/Food,94.4,88.9,5.6,they've actually succeeded to do is make a whole bunch of people that were living and breathing in,with a french accent to someone who doesn't even speak french,in the fridge and do something that no one has done before
jdut-ApF8Fw_9__02fb4fb8_00_000000_000161,Cooking/Food,78.9,73.7,5.3,an area that market came very close to testing just recently in price action and is a great area,the man who came very close to assassinating george w,the man that came very close to assassinating president george w
kmtHU2gBhoQ_9__6edfec6d_00_000000_000148,Cooking/Food,80.0,75.0,5.0,it's also almost stock android but there is slight amount of customization i would say that it's a great feature,also almost got aggravated i think that's like the height of absurdity position i would say,also almost got aggravated i think that's like the height of absurdity i would say
053zL8bRFHI_4__c85adac5_00_000000_000281,Entertainment,88.1,83.3,4.8,joking is that it oh my gosh i thought i had so many more books on here i do have a lot more books on here i just have ones i haven't even started reading yet so anyways that's all for here,so like saying oh my gosh i think i'm in love with someone personally i don't get to be in love like i used to have once again when i was a teenager and so anyone can say it all over again,so it's like saying oh my gosh i think i'm in love personally i don't like being in love i just have once again when i first started playing it and so anybody can sing it over it
QpJQl21p00o_1__1c88b238_00_000000_000129,Technology,85.7,81.0,4.8,and in the last i don't know if you pay attention to the last thing the code is actually from benjamin,i stood on the runway from bangalore to london the cockpit of the aircraft was filled,i saw the radar go from black to the last thing it recorded the altitude of my flight
tzZ7n7KdKEc_0__f6982826_00_000000_000198,Cooking/Food,62.5,58.3,4.2,set it apart not just from other network marketing companies but from anything i've ever looked at in my life feature number one is,i'm better not just from a health care perspective but in every aspect of my life adventure number one is,i'm better not just from a healthcare perspective but also from a financial perspective from anything i've ever looked at in my life venture capital one is
RPrHf7Km5CM_15__76886ad7_00_000000_000213,Medical/Health,100.0,96.3,3.7,or even death now what are the symptoms how do you know a baby may be suffering from shaken baby syndrome well the signs are they're very,i think it's important for us to understand that,the speaker is discussing medical health
41wmieLCJas_0__8eac8c01_00_000000_000279,Other,85.3,82.4,2.9,let's say if your mother was the narcissist she might dig in on your spouse or significant other in order to make you trust them less so that you'll be more connected to her,stephanie's grandmother was a seamstress and she made teddy bears and stuffed animals so in order to make teddy seem like a sexy woman she would,steve jobs' mother was an artist and she made teddy bears and stuffed animals in order to make ends meet when she was a little bit poorer she would all
TkvjDZseD4k_3__f924845d_00_000000_000327,Other,81.2,81.2,0.0,we can gather observations on as far away as a distant galaxy or as zoomed in as the hydrogen wave function there are certain questions that we cannot answer what lies outside of the natural world well we have to think about that and i think that's why,contraction syndrome is very rare it's a dissecting aortic aneurysm that's an arterial infection there's still a lot of questions we don't answer what causes outside of the natural,contraction syndrome is very rare it's a dissecting aortic aneurysm which is an aging related condition that we don't answer what gets outside of the natural
4YkxwC7IjUc_6__ef8643a5_00_000000_000325,Politics/News,69.7,69.7,0.0,to give me the insurance policy at all because i had very high cholesterol high triglycerides and hypertension and meanwhile at the same time i had horrible irritable bowel syndrome i mean like,me an interest in psychology because i have a very high iq i trained as a clinical psychologist and meanwhile at the same time i got horrible grades from my math teachers maybe like,me an interest in psychology because i have a very high iq i trained as a clinical psychologist and meanwhile at the same time i got horrible grades from my math teachers maybe like
G5yrJKEvoK0_0__9416ec3e_00_000000_000309,Other,73.0,73.0,0.0,and 10 megabits per second is so today so slow that we would never have a new card in fact i don't think you could buy a brand new card that didn't support 100 megabits per second,the next time i get people saying it's so easy so so that we don't even have to go to the gym in fact i think you can buy a new car that does the workout for you,the next time i get people saying it's so easy so so that we don't even have to go to the gym in fact i think you can buy a new car that does the workout for you
FWQSuskE5UA_6__aa7b2c5a_00_000000_000294,Other,87.5,87.5,0.0,and i will give this file the name of the component the name my component shall have that's just a naming convention which is kind of used in the vue js world,david irving is a holocaust denier a neo nazi a member of the british national front which is a fascist organization in the united kingdom,david irving is a holocaust denier a neo nazi a member of the british national front which is a fascist organization in the united kingdom
3PE65tkpaGw_0__dde8ee01_00_000000_000291,Other,50.0,50.0,0.0,i bought a custom well not a custom this is off the shelf but it's much more expensive router bit meant to do this exact operation,putting on a costume well our costumes of the show but it's much more expansive around being meant to do this exact operation,putting on a costume well our costumes of the show but it's much more expansive around being meant to do this exact operation
39P4BMvvLdM_1__d4bea8c7_00_000000_000278,Cooking/Food,60.0,60.0,0.0,tk object which is the main object for tkinter i'm going to go ahead and extend that and so i need to create my initializer,cake object which is the main object for dissection i'm going to cut it in half into two equal halves,cake object which is the main object for dissection i'm going to cut it in half into two equal halves
SGkHpHsPBi8_1__808bda52_00_000000_000275,Other,61.5,61.5,0.0,obsolete instead of just throwing it away you can resell these as gaming cards or use them as gaming cards yourself as they're still very capable,obsidian instead of just throwing it away you know what i'm saying it can be hard to do something that's against yourself and still very capable,obsidian instead of just throwing it away you know what i'm saying it can be hard to do something that's against yourself and still very capable
kXvKa4CU18E_16__461b3cb7_00_000000_000270,Entertainment,62.5,62.5,0.0,but let's be honest here for a moment i started a photography shooting film the workflow,let's be honest for a moment alice in wonderland is a children's film the word of,let's be honest for a moment alice in wonderland is a children's film the word of
dp4NoDXy8rc_7__65be6d70_00_000000_000214,Medical/Health,76.3,76.3,0.0,and if we don't listen then it will start yelling and if we don't listen then then we'll start wrecking the house so treat this sensation treat this pain like a little kid trying to get your attention,although recently we started an alliance even though recently that didn't work out at the house so during this tedxweekend again trying to get our attention,although recently we started an alliance even though recently that didn't work out at the house so during this tedxweekend again trying to get our attention
uUPJlJ00YdE_8__fb2f92c6_00_000000_000264,Other,80.6,80.6,0.0,his own shoe made i was all about it plus you guys know how i am with mids with straps and all that so i got the shoe in both colorways,to shoot my character you know i was all about it because that's all i wanted to do was to do stunts all day so i got to do a computer generated one,through juice my character you know i was all about it because that's the only way i knew how to do stunts at the time so i started doing computer generated
oxz8ReSPUt4_0__f5a67768_00_000000_000106,Other,87.5,87.5,0.0,so he talks about books and in this particular one he talks about russian literature with reference to other world literature and so forth,is that so when a lesbian marries another lesbian that lesbian relationship becomes more interesting and so forth,is that so when a lesbian marries another lesbian that lesbian relationship becomes more interesting and so forth
lRG5o4FKeI0_11__e5d99763_00_000000_000256,Other,68.4,68.4,0.0,pouches they come with too so these are my speed lights these are the yn562s that i use here,pounds and i'm with you so these are my speaking cases on the why in 562 little kids,pounds and i'm with you so these are my speaking cases on the why in 562 little kids
L2rxYUtuTSE_3__86539865_00_000000_000257,Other,63.6,63.6,0.0,that man from the intellectual point of view logos but then pathos you trust that man because you're feeling that the intention,be the intellectual product of your own but then by those you are sitting back because you are feeling that the teacher,being the intellectual product of your own but then by those you are sitting back because you are feeling that the injustice
-0dKADuskCI_6__0959cf94_00_000000_000128,Other,68.8,68.8,0.0,then we have the costal cartilages costal always refers to ribs so these are right here,that we have they cause our hormones to go haywire so these are my heroes,that we have they cause our hormones to go haywire so these are my heroes
xz7UP-Sgoko_4__5437f4cd_00_000000_000250,Education/Academic,90.5,90.5,0.0,that visit ended quite quickly and with awkwardness all around there's not much to do we went to the second school,that wasn't exactly what i had in mind with no work so i decided to do,that wasn't exactly what i had in mind with no work so i decided to do
cw0gLZHJOiE_7__b7618a8d_00_000000_000246,Entertainment,90.5,90.5,0.0,controller showchatcontroller like that wouldn't that be nice well we can't do that right now because we don't have a reference,all the things i should have done or not done that would have led to this outcome we won't have any reference,all the things i've shown you so far and then what's going to happen next well we're going to have a reference
igP8qs4tve8_6__9a6b56fa_00_000000_000246,Other,77.1,77.1,0.0,the answer is no i cannot just leave it there because hydrogen only wants to have one bond and now it has two if i make that bond i'm going to have to break it,like it's just no idea i just didn't even know there was such a word and now i do so if i play that part i'm becoming familiar with,it's just no idea i just didn't even know there was such a word and now i do so if i play that part i'm becoming familiar with
Ht6lHE7prro_34__d6e615b5_00_000000_000193,Other,84.6,84.6,0.0,the old and new testament together the 66 books are like a symphony with melody and with harmonies that just match up wonderfully there are also,the only two chromosomes that i use is the y chromosome and the mitochondrial dna because this magic wonder thing there are also,the only two chromosomes that i use is the y chromosome and the mitochondrial dna because this magic wonder thing there are also
uwMeYyFPK9M_0__9a23e3ab_00_000000_000200,Other,95.5,95.5,0.0,stage illusion this is a magic trick so don't be stupid and try it at home this is just a magic illusion,the story of how i got to where i am today it all started when i was,the speaker is discussing other
NzP4ZzCCTXU_0__725fc750_00_000000_000239,Other,51.0,51.0,0.0,but before we tell you more about the redmi 5 if you do love the fact that we bring to you guys the hottest leaks out there as soon as we can then toss a like and subscribe to our channel we will see you in the next video,if we can tell you more about dorothy mfi if you don't love the fact that we bring to you guys the honest needs out there as soon as we can then it costs,if we can tell you more about dorothy mfi if you don't love the fact that we bring to you guys the honest needs out there as soon as we can then it costs
czzae0bKoDA_6__cc4f9fe5_00_000000_000232,Other,100.0,100.0,0.0,but that can be useful if you want to have some if else check in your loop checking if you're near the end,the gap between some of the fastest growing economies in the world like china and india and the slowest declining economies,
6OvM5ZDA-TQ_0__b6c1e4a1_00_000000_000231,Other,93.9,93.9,0.0,i hear a lot of people always ask me does this cooler work on 1156 it's like but it says it's only for 1155 yes because 1155 and 1156 are exactly the same,if you're going to do a tour where you love 50 cities but you just don't have the time to visit them because if you visit five cities you can sell the same,you don't have to do one in love 50 states but you just sort of have to have the eyes because if you have the different states you can sell the same
dZKB1OF7C68_0__c8e09b42_00_000000_000230,Other,92.0,92.0,0.0,menu buttons being right here they're at the top which by the way i think the window thing blends in real nicely seamlessly almost with,billions of dollars of the time but by the way i think what you think of being a civil taxpayer is that we're just one thing,billions of dollars of the time but by the way i think what you think of being a civil taxpayer is that we're just one thing
thFhHAzyXos_19__4bb8a579_00_000000_000227,Education/Academic,74.1,74.1,0.0,i know you're studying with john parakos and core energetics and probably many of our viewers have not heard of core energetics what is the basis of,what you see is not parallelograms and quadrilaterals and cubes and pyramids of various sizes of cubes what is the basis of this,what you see is not parallelograms and quadrilaterals and cubes and pyramids of various sizes of cubes what is the basis of this
tL9yAuajqpk_3__691c14f2_00_000000_000219,Other,43.5,43.5,0.0,the thing is i just acquired this ammo last week so i don't really know the conditions under which it's been stored but,the highest score on the quiz last week so i don't really know the conditions under which this was measured but,the highest score on the quiz last week so i don't really know the conditions under which this was measured but
eQVm8RokoBA_9__46f56c24_00_000000_000216,Education/Academic,80.0,80.0,0.0,it looks like science has indeed discovered god and how would that be well if you take the trouble of going to the web and,incarcerated so high as it is over the last decade and now with that being what's the term of going to the rehab,in costa rica as an example just over the line and now with that being what is the job of going to the rainforest
kmfAM8kQrjU_0__d00b8585_00_000000_000214,Medical/Health,86.7,86.7,0.0,crop loss because it would burn up the crops it would cause eye disease because your pupils would open up and it would allow the uv rays to get in,cause these remarkable gaps it will cause gas to leak into the supernovae will open up and we can then serve the amazing,cause these remarkable gaps it will cause gas to leak into the supernovae will open up and we can then serve the amazing
cpt8IP19j3Y_2__12ebbc72_00_000000_000213,Other,95.0,95.0,0.0,so i just try to search in other ways like the text like his portrait in my qp i write,when i was 11 years old i was diagnosed with type 1 diabetes,the speaker is discussing other
oYEFNyrxBTw_0__1d7c31a6_00_000000_000169,DIY/Home,88.0,88.0,0.0,hey this is scott today we're going to take a first look at the build and design the tamron 70 200mm f2 8 g2 lens,and secretary clinton took a first look at the building instead of the same routine 72 hours after the bombing she toured it,and secretary clinton took a first look at the building instead of the same routine 72 hours after the bombing she toured it
qfVQR043fug_0__7997d748_00_000000_000167,Technology,81.0,81.0,0.0,you the list of windows that you have available to resume your screen session you type screen r and to exit,list of wind turbines available so this global transition could take 20 years and take,list of wind turbines available so this global transition could take 20 years and take
BNep55DrsK4_4__da490f84_00_000000_000169,Other,56.2,56.2,0.0,even in the west when people have not had that sometimes they've had a name ready,everything went down well people have not had that sometimes maria had the same rating,everything went down well people have not had that sometimes maria had the same rating
jm93IOsd-Sw_0__e9ef21d9_00_000000_000168,Other,72.4,72.4,0.0,i don't know europe or something like that if you have a full backpack out of spare batteries but i have no idea how to charge them but i,you know i mean i'm not really sad if i can't film many ways but i have no idea how to change the medium,you know i mean i'm not really sad if i can't film many ways but i have no idea how to change the medium
ZaB0enTYS5M_2__6376b421_00_000000_000202,Other,52.6,52.6,0.0,this thing lies as far as collectability here we have a 1985 teddy ruxpin in the box this one,this still lies as far as accountability we have an 1855 state constitution in the,this still lies as far as accountability we have an 1855 state constitution in the
n1ZyOwLb1Hg_0__09385031_00_000000_000198,Other,81.0,81.0,0.0,i think any industry can benefit but obviously we're focused on document intensive workflows and we've had most traction in those,i like to study it but obviously we've focused on the neanderthal remains of wall paintings and we have had most challenging leaders,i like to study it by the fact but obviously we've focused on the neanderthal kin of woolly mammoths because those
00MUdHQ7GGY_8__b1480c7a_00_000000_000194,Other,100.0,100.0,0.0,it doesn't have a carry strap but you can put it on your shoulder pretty easily or just carry it with your hand,this is david irving he's a holocaust denier and a computer hacker who broke into the nuremberg trials,the speaker is discussing other
iJxvSh6PbTc_4__12c45eac_00_000000_000193,Education/Academic,93.3,93.3,0.0,area have been showing zygites addendum and even zygites to their class and discussing it,i've been sharing the stage at the meetings for decades with alexandria and,i've been sharing the stage at the meetings for decades with alexandria and
PyKTYROSy2E_0__58f43672_00_000000_000158,Sports/Fitness,100.0,100.0,0.0,it's a game that i am already regretting thinking of it's time for tattoo roulette with one direction,the kennedy center for the performing arts in washington d,the speaker is discussing sports and fitness
ECdVhJ4Ci4Q_0__7d0a90f6_00_000000_000185,Technology,61.9,61.9,0.0,how you can use your customer database to earn more there are four powerful processes to save money and increase sales,in utah as a renewable energy source there are four powerful presences that save money and increase yields,in utah as a renewable energy source there are four powerful presences that save money and increase yields
p2o7BtIicZo_3__7fcfd99f_00_000000_000154,Other,95.5,95.5,0.0,so now since we're done with the unboxing i just wanted to look inside this pen because it said the charger was,now she has been found guilty on both charges in the united states and bail has been set at,now she has been found guilty on both charges in the united states and bail has been set at
skZRmykxvXM_0__b46beb98_00_000000_000185,Other,76.5,76.5,0.0,we've been married 21 years and we've had to de horn one another several times i guarantee,it's what my grandmother used to wear and we've actually worn one another several times standing here,it's what my grandmother used to wear and we've actually worn one another several times standing here
Ff6JVvAR5rE_0__76743473_00_000000_000182,Business/Finance,86.4,86.4,0.0,out this morning it's our commercial product and i've got a few slides i'll try to go through the slides pretty quickly,this morning i saw a sign on the motorway that said if you see a snake on the road do not,this morning i saw a sign on the motorway that said if you see a snake on the road do not
um1S2u022HA_8__142c5c81_00_000000_000149,Cooking/Food,81.2,81.2,0.0,devices idle connected to a un muted network or charger the job scheduler is one of my favourite features and i love it i'm happy with it and i will share it with you soon the job scheduler is one of my favourite features and i love it,to iraq connected to the al qaeda network all to charge the job changer is one of my,the iron connected to the gardening network also charged the job changer is one of my
4z4OjnhTJnw_7__65f8117e_00_000000_000179,Medical/Health,82.4,82.4,0.0,elements can i build a visit as a new patient or can i use the time element,me to say can i move this desk or can i,me to say can i move this desk or can i
QgMG5TO3ggI_0__5a5ec408_00_000000_000145,Other,90.0,90.0,0.0,some points here such that the intersection is not empty,right that's exactly the direction i'm heading,right that's exactly the direction i'm headed in
ej22vW61OXA_23__da7e7a2c_00_000000_000135,Other,94.7,94.7,0.0,last year was that there were some issues with the calibration especially on the darker end of an image,i'm just going to read you one of the captions so you can see what it's like,the speaker is discussing other
xpECzoXISUo_0__191cecea_00_000000_000166,Cooking/Food,100.0,100.0,0.0,theater production who have not acted they just attended okay,production you have that asset that exists nowhere else on the,production you have that asset that exists nowhere else on the
v6wOXUi6BKM_10__fd98a0c1_00_000000_000131,Other,72.7,72.7,0.0,probably not going to get hurt at all and the padding,this was to get called get called and the pattern here,this was to get called get called and the pattern here
lOuEis9L8os_9__7dfaa3d5_00_000000_000160,Technology,76.5,76.5,0.0,had polygamy and concubines does that mean god approved it the bible records a lot of things,i blurred the line between documentary and scripted movie but i was recalling a lot of things,i blurred the line between documentary and science fiction but i was recalling a lot of things
2Zq4eRvCN4A_1__1aab1422_00_000000_000155,Other,69.2,69.2,0.0,there's something i haven't bought in too much recently but refried pinto beans,something i don't laugh about too much recently but we define place as openings,something i don't laugh about too much recently but we define place as openings
nPqaAgQWXR0_17__8e8538c5_00_000000_000154,Other,100.0,100.0,0.0,beneficial regardless of whether you are performing or you're doing administration,that we're going to be able to,the speaker is discussing other
VStUf1GcIjw_0__4ed95076_00_000000_000150,Other,84.2,84.2,0.0,the same matter like i said imagine going around the figure and how long a distance do you run,us and yet imagine going around in fear that our closest friends,us and yet imagine going around in fear that our closest friends
gMfeYjJwmQ8_4__4c96e8b5_00_000000_000125,Other,84.2,84.2,0.0,tetra on the other hand is designed for higher volumes of radio traffic but over much smaller coverage areas,central atlantic as a sign of our environment right now you have any money for much smaller areas,central atlantic as a sign of our environment right now you have any money for much smaller areas
S82MTpbswhU_18__4e29185d_00_000000_000149,Other,100.0,100.0,0.0,use water or orange juice fresh squeezed orange juice you can also use,why go into the venture capital world when you could get all this,why go into the venture capital world when you could get all this
YGhdG8oV2G4_0__e4abd28c_00_000000_000147,Medical/Health,88.9,88.9,0.0,what the how much is my doctor making bastard,there raising my hand master right,there raising my hand master right
3nEH1LPIouE_0__83233320_01_000240_000358,Other,100.0,100.0,0.0,side four and that's part a let's go over the counts,and i enjoyed it so much that's why i decided to,the speaker is discussing other
FkpdUYslBT8_0__baab91f7_00_000000_000146,Other,72.7,72.7,0.0,it will be interesting it will be exciting it will be,would be literature it wouldn't be maths or science,would be literature it wouldn't be maths or science
PNBJCfcVJ9c_7__312f66aa_00_000000_000143,Other,100.0,100.0,0.0,me and he does that in whatever way and whatever realm,that didn't exactly in one effortless way and wouldn't ever wear my,that didn't exactly in one effortless way and wouldn't ever wear my
qPyiMlhz4Zk_12__8f2f1a8e_00_000000_000140,DIY/Home,80.0,80.0,0.0,that wanted to install deities in their sankhya tan vehicle,wanted to know and see and understand and to,wanted to show dealers and distributors and
ly6KVdbhT7w_0__896e0d2a_00_000000_000140,Technology,58.8,58.8,0.0,phone where it actually works i think it's a problem with this phone i honestly don't know,where it actually works i think it's appropriate to throw caution to the wind,where it actually works i think it's appropriate to throw caution to the wind
H8GcVkhms98_15__de0820a4_00_000000_000139,Sports/Fitness,61.5,61.5,0.0,that's because there's more genetic variation within a race than outside of it,that's because you personify the foundation when it raises then outside of it,that's because you personify the foundation when it raises then outside of it
y4Zd1bkFkYk_1__5634beb7_01_000299_000438,Other,60.0,60.0,0.0,but because of the nazi party it was very suppressed,killers want to hunt but because of the gatsby party it was very surprising,killers want to hunt but because of the gatsby party it was very surprising
zqs4j0uBfKw_0__452920cb_01_000299_000438,Other,100.0,100.0,0.0,ideas i have two words for you predator drones,if she was for it or against it,the speaker is discussing other
etmrn0kAvXg_0__1aaef65c_00_000000_000137,Other,90.0,90.0,0.0,got that choreographed by paul james and yanni toft anderson,that to promote genocide is a crime against humanity,that to promote genocide is a crime against humanity
YvNUKcDIsdU_1__ea24b1a9_00_000000_000137,Technology,100.0,100.0,0.0,you can also use our json web token decoder,because i think it's really cool,because technology is really cool
rLatQdzLXHM_2__d6cf7206_01_000250_000363,Cooking/Food,91.7,91.7,0.0,them from the time they left mid shrine the great wondrous nisan,there were times i left the trail to create water systems,there were times i left the trail to create water systems
K5f8c0WCPHI_24__a3216317_00_000000_000113,Other,68.8,68.8,0.0,and he pledged 10 and he will be getting a letter in the post very soon,i planted sunflowers and we'll be getting electricity very soon,i planted seeds naturally it will be getting electricity very soon
AZTouP7hMjw_0__1479eaae_00_000000_000136,Other,100.0,100.0,0.0,some limonene hash oil some d limonene hash oil,being an actor being an actress,being an actor being an actress
nED5S-vtdRs_0__4982ed08_00_000000_000135,Entertainment,100.0,100.0,0.0,and you start over again now let me go to dance with the counts,don't look good like hospital gowns,so good today i love hospitals and doctors
SmW9Pl7R1dc_0__2650df87_00_000000_000132,Other,100.0,100.0,0.0,my hand and the injected some fentanyl just to relax me,out a chick that's infected with the yersinia pestis,out an injection that infects the host to cure the cancer
RKTTRFJP9nY_6__34eee32d_01_000299_000432,Other,100.0,100.0,0.0,going to wonder whether or not that sort of nudged or propelled you into,when i was a teenager in the 90s and early 2000s,the speaker is discussing other
6LHeagRFF8c_5__1edae1ef_00_000000_000131,Education/Academic,69.2,69.2,0.0,to go and of course attitudes to work have really changed as well,to go and of course kansas city we're looking for engineers as well one of the,to go and of course kansas city we're looking for engineers as well one of the
43CMYP9kEcU_0__7bc8150d_00_000000_000104,Other,100.0,100.0,0.0,seven eight and one,because i wanted to,because i wanted to
ni-3hmkcjgE_15__d5ef8b78_00_000000_000129,Other,100.0,100.0,0.0,between 50 and 70 freight trains ship out of the powder river basin every day,50 and discovering that you've lost your grip on the power over your bed sheets for the day,50 and discovering that you've lost your grip on the power over your bed sheets for the day
QvDw6m2kA6Q_0__a756b252_00_000000_000129,Other,66.7,66.7,0.0,there are two types of teeth the first type is the anus,those two times i've seen the first time is in kenya,those two times i've seen the first time is in kenya
6j5IucNv9kc_8__7730cf1d_00_000000_000128,Technology,100.0,100.0,0.0,gadget mouse making company and they have this app on the app store you can pick up for free,excited to watch me come and then after that i'm going to,excited to watch me come and then after that i'm going to be
EG9HNZm6qSs_1__6a00dc91_00_000000_000101,Other,50.0,50.0,0.0,what you mean this the lapel mic i don't understand what's distracting about it,what do you mean this is the libelous i don't understand what she's ranting about it,what do you mean this is the libelous i don't understand what she's ranting about it
dnuAfVlLyJc_0__c6fcd702_00_000000_000122,Other,93.8,93.8,0.0,she was bleeding and the nurses were standing on the side and everybody was just looking,with pink and all these words that i can't even pronounce,with pink and all these words that i can't even pronounce
29sSQwPtvoU_14__458df312_00_000000_000122,Cooking/Food,100.0,100.0,0.0,i worked at beatniks in chicago it's uh they've got one in miami too but it's,wasn't me that young girl who said if that were me two weeks ago,wasn't me that young girl who said if that were me two weeks ago
k3zJJJpsrLg_6__4b39d9b0_00_000000_000122,Other,87.5,87.5,0.0,weekly or monthly in your clean or aseptic,quickly oil mustard and uranium or something,quickly oil mustard and uranium or something
0HTUgySq5ko_0__44a636c9_00_000000_000122,Technology,72.7,72.7,0.0,now is you have your vpn software here and it's encrypted,was like you have three months of way here and it's getting colder,is like you have three months of way here and it's getting colder
8bOpDqRogzg_8__7329b56e_00_000000_000102,Education/Academic,100.0,100.0,0.0,on their butt and kids of course,to be really creative for one minute,the speaker is discussing education academic
JuWXQLkNy9c_0__0c17813d_00_000000_000121,Other,100.0,100.0,0.0,hey everybody it's jon stabley i'm here with brian mayo everybody's favorite tech guru today we're gonna,money is just an idea that has no,body is just a container for the energy that we generate
DGMvA3l9sdk_0__b2f551d7_00_000000_000101,Other,100.0,100.0,0.0,como estas a few times you kind of have an idea of what it means,corporate side of food i have a degree in that as well because,corporate side of food i have a degree in that as well because
EPFycdra-YU_3__018a8383_01_000300_000421,DIY/Home,91.7,91.7,0.0,seconds earlier and once i'm cutting out the parts i don't want,second year and one day i decided to take a walk,second year and one day i decided to take a walk outside
HN9zRNiNUBc_0__3766495c_00_000000_000120,Other,100.0,100.0,0.0,so we have all of our purple cabbage sliced,kind of all of our moods happen in just a second,kind of all of our moods happen in just a second
gIppYW2xaxU_0__27021f1b_00_000000_000119,Politics/News,54.5,54.5,0.0,of laws have we just been talking about recently in physics,the cause that we've just been talking about recently climate,the cause that we've just been talking about recently climate
abByGmTnZ60_2__c7f01b74_00_000000_000117,Other,100.0,100.0,0.0,you ask but do not receive because you ask wrongly,has some blue eye stuff pepto bismuth,has some blue eyelashes peeking out
sX3tgFjdSR8_0__6de380c7_00_000000_000118,Other,100.0,100.0,0.0,you guys send in some really good stories so we are about to read them,when i was 18 years old and i,the speaker is discussing other
Pk-Sx-yKg2A_0__cb878ec3_00_000000_000115,Education/Academic,84.6,84.6,0.0,wisconsin deter me because i examined the book i say they could have,consciousness could be made adaptable they could be,consciousness could be made adaptable they could be
GVOhJjBmbTE_27__ec2b6407_00_000000_000095,Education/Academic,55.6,55.6,0.0,you're unable to learn languages and despite this over,up to your house and despite this all,up to your house and despite this all
aI2b4RMGMh0_0__bb35486f_00_000000_000113,Other,100.0,100.0,0.0,something if you're down soft you definitely want to check out,instead of focusing on the negative focus on the,the speaker is discussing other
C8721FoSthY_2__b74cd0de_00_000000_000113,Technology,94.1,94.1,0.0,my phone and there's nothing i can do so let's get back to maybe it's not your,forest destruction and climate impacts of,forest destruction and climate impacts of
uDz2eGZUDZ8_1__5b118a15_00_000000_000113,Other,84.6,84.6,0.0,the amplitude is different depending on whether your eyes are open or closed,to considerably better than when you had your open heart surgery,to considerably better than when you had your open heart surgery
OY5GlQZVZjY_17__f7fa5951_00_000000_000111,Other,66.7,66.7,0.0,may not be very good and the video actually may turn out to be totally,going to be very gradual about starting out to being totally,be very gradual about starting out to being totally
TNhjQ58kiJM_9__ed29dc02_00_000000_000112,Other,100.0,100.0,0.0,we just add a prefix and it makes it,which has had a pretty significant impact on the bus,which has had a pretty significant impact like the best
Zs8GkB6MCjU_5__8639462a_00_000000_000112,Other,62.5,62.5,0.0,mastectomy chemo and no chemo living or dying,sent me an email no email living or dying,sent me an email no email living or dying
2JuBrr6TW8o_14__39750242_00_000000_000112,Other,100.0,100.0,0.0,they have something like this for the viola,some english for you all and,some english for you all and
815mr63EsrE_5__410c0712_00_000000_000111,Education/Academic,100.0,100.0,0.0,than tenths and children need to learn this principle,to say this genistein is a bisphenol a,the death sentence genetic discrimination is completely prohibited
bLjyV24KpeY_0__d0de0f63_00_000000_000110,Technology,93.3,93.3,0.0,what they are is 3d goggles they have two independent screens they're like 850 by,3 years old like that,the speaker is discussing technology
iIs47g4frOk_20__319023b9_00_000000_000088,Other,100.0,100.0,0.0,lovely simone and francesca my lovely assistant,of legal support and financial support,of recent support and fundraising efforts of recent
UBRAErksCl4_10__bb5b9ee8_00_000000_000109,Cooking/Food,100.0,100.0,0.0,it has great grip rings it's really soft so i probably should have got that one,my school is a religious institution,the speaker is discussing cooking food
JWiKMA5KGeU_5__5452065b_00_000000_000091,Education/Academic,100.0,100.0,0.0,the course so the school has sheep farm,so this whole house is just a room,so this whole house is just a room
bw4x52Y3bHQ_4__a4ccb042_00_000000_000108,Other,90.0,90.0,0.0,of the city's 62 police officers are gonna be gone,the 16th and 17th president of the united,the speaker is discussing other
SjHUpX28EPo_16__6ee7d795_00_000000_000108,Education/Academic,76.9,76.9,0.0,well my research has to do with the oxidation rates of these carbohydrates,well my research cases through the art to action strides of this non profit,well my research cases through real court transcripts of this alabama area
AZTouP7hMjw_2__2bc26c8d_00_000000_000108,Other,100.0,100.0,0.0,i haven't tried co2 oil i know it's available but i haven't tried it,to try to steal your story or to develop their own,to try to steal your story or to develop their own
uYgQClEfYuI_0__fea45a8f_00_000000_000090,Other,100.0,100.0,0.0,yes they can perform very complex computations very fast,2000 miles across the united states,the speaker is discussing other
eVK87G9vfog_18__1f86350f_00_000000_000108,Other,100.0,100.0,0.0,people tied they worked they had sound doctrine,people's eyes that weren't shielded to 100,people's eyes that weren't shielded to 100
I2WFF3Gy4a0_0__67b6a1a8_01_000299_000408,Other,81.8,81.8,0.0,payload and only releases it when it's at the right moment,melody and only religions are such great movers,malolo and only religions that were such great movements
spv585J3DTc_1__8acaf919_00_000000_000107,Other,100.0,100.0,0.0,he looked at me like i was a village idiot,the same injury last year and so,something like i used to do last year and try
229Xe-KeP4I_0__a499a480_00_000000_000089,Other,100.0,100.0,0.0,amateur radio call sign is k5acl,right across 18th avenue in the,right across 18th avenue in the
g2-zI0JQyg0_0__d8e63c9e_00_000000_000107,DIY/Home,100.0,100.0,0.0,if that worked out well for me that's 10 000 in house,come on i'm going to play that again if that's okay,come on plan b if that doesn't work let's try c
-POZpyVCN8k_9__c7b26ea8_00_000000_000085,Other,33.3,33.3,0.0,today i'm talking with admiral mcrae,today i'm talking with animal migratory,today i'm talking with animal migratory
pi1m7Zm90Nk_3__c4cf7015_00_000000_000107,Other,100.0,100.0,0.0,and he says we're interrupting a defense mechanism,so it's not just the,the speaker is discussing other
uSwN3eUqgWU_0__d85b490e_00_000000_000106,Technology,100.0,100.0,0.0,the nsa spies on its own citizens does data mining,specialty shows that just doesn't add up,specializes in diseases that don't have a cure
gN47EQPgynQ_0__45929323_00_000000_000106,Other,85.7,85.7,0.0,trail make it a little bit wider,writer i am a writer,writer i am a writer
41WqyOD7gVI_0__a3972a2d_00_000000_000105,Medical/Health,88.2,88.2,0.0,paint scheme on it most of them are like a 3d paint scheme they kind of modified,stay out most of the day when it's raining outside,stay out most of the time when you're with someone like my dad
LX6yLJ2tI-4_4__8ca9bab2_00_000000_000105,Other,50.0,50.0,0.0,of the pelvis as well as trunk flexion and rotation,is of the middle east as well as drug inflection and rotation,is of the middle east as well as drug inflection and rotation
0LUot0DBc2I_2__885108f7_00_000000_000105,Cooking/Food,90.0,90.0,0.0,i thought it was pretty fun and a great experience,i tried to speak english and look at the world,i learned to be okay with not knowing the answer
IQT8XQ9ODcY_11__d07f81fa_00_000000_000105,Other,100.0,100.0,0.0,so you can update the spreadsheet from autocad,you're going to get dated especially from other guys,you're going to get dated especially from other guys
awy4VObEPUk_7__75cff8f7_01_000299_000406,Other,100.0,100.0,0.0,good general guidelines,just say this,just say this
Y0gXX9QWA0U_9__2020632f_00_000000_000084,Entertainment,77.8,77.8,0.0,a very brief history of the airplane but the history is going to start a little bit before,environment physicians are now becoming engineers a little bit before,environment physicians are now becoming engineers a little bit before
PNUbsGx13NI_15__90a2afe9_01_000299_000404,Other,100.0,100.0,0.0,this g stick i mean this g stick becomes a renderer,is six and we have a system of six cards,is six and we have a system of six cards
ktMebjnZiSE_3__ebdf1351_01_000299_000404,Technology,87.5,87.5,0.0,is going to make two different sized versions of the iphone 6 either remember to resolution,i had two different surgeries off the aortic valve i had open heart surgery,i had two different surgeries off the aortic valve i had open heart surgery
X6oVjVlNPU4_0__fa205db8_00_000000_000087,Education/Academic,100.0,100.0,0.0,it was a kind of a unique thing because my university doesn't have anything similar to that,when i first heard it i had no idea what it meant,when i first heard it i didn't quite understand it
MoaWM3RwJAM_7__f04f26c6_01_000299_000403,Other,70.6,70.6,0.0,this is your change or i can just keep this and i can give you a pin,search engines or i just can't place it i can never remember,search engines or i just can't place it i can never remember
yObPpxhAm6I_7__d0efca21_00_000000_000103,Other,92.3,92.3,0.0,mixolydium mode is related to the dominant 7 chord and like i said,maintaining a long distance relationship is difficult and i had to,maintaining a monogamous relationship is difficult and i had to
kD-MkcCjHQs_0__edf1dea7_00_000000_000102,Entertainment,75.0,75.0,0.0,the lord as to why and the lord shows him that saul,orchestra and the orchestra shows them this song,orchestra and the orchestra shows them this song
7O6nfosaVa4_0__1258e6e9_00_000000_000084,Other,90.9,90.9,0.0,it's going to pick up a component exactly in the sensor,going to be a bit brown on the outside but inside it's,the british empire around the globe exactly as it
8URhvTAp5L8_1__be25156e_00_000000_000101,Other,90.0,90.0,0.0,aj my little boy aj and he loves danimal yogurt,about herb alpert and tijuana,about herb alpert and tijuana
eVViqbChPg0_0__ff6566fb_00_000000_000099,Other,100.0,100.0,0.0,five six a hinge half turn to the left,that's why i'm here because,the speaker is discussing other
JcEEH8VxneE_5__b81948b1_00_000000_000100,Other,94.1,94.1,0.0,how much strain there is in this direction and how much strain there is that way on,so i'm sure you're sitting there wondering,the speaker is discussing other
0fmc81KXbB0_0__8be49586_00_000000_000099,Education/Academic,69.2,69.2,0.0,i don't want to say mistakes but i will say like experiments and,i don't want to seem disrespectful,i don't want to seem disrespectful
Hl08kKKS1lw_13__1c5ee283_00_000000_000098,Other,63.6,63.6,0.0,i did not have to major in acting there were some,did not have to measure a hacking that was,did not have to measure a hacking that was
tOWDLscXYGI_0__ec79306b_01_000299_000397,Religion/Spirituality,100.0,100.0,0.0,praise to god in the first few verses,one of the things that i think is,we've got to get this
t7Z0aeD9oL8_10__2a8051ae_00_000000_000078,Other,100.0,100.0,0.0,things become resistant to antibiotics,things become less serious and more artistic,things may become less attractive to the biologists
g9D0UokDzEY_0__f0df6a17_00_000000_000097,Education/Academic,100.0,100.0,0.0,tool for studying the concept behind absolute zero you can,studied at singapore polytechnic during my,studied at singapore polytechnic during my
uewO8zLmtpw_3__6231be93_00_000000_000081,Other,77.8,77.8,0.0,personal belongings from me and put me in jail,who agree with me and probably the,who agree with me and probably the
8iuZTs9yD14_9__868a3853_00_000000_000097,Other,100.0,100.0,0.0,my name is ozgur yapar in short oz,there is also a part hidden inside us,there is also a part hidden inside us
hLFhMfQRzGY_28__29836a59_00_000000_000095,Other,66.7,66.7,0.0,put on your humanity and has really constrained you,her to her body and has really strengthened her,her to her body and has really strengthened her
MzJT4CX4grw_12__682aee33_00_000000_000079,Other,100.0,100.0,0.0,anymore even though i'm standing here and jumping,more in the world of technology than,more in the world of technology than
c-WDHG6rrdU_0__26d119d6_01_000250_000329,Other,57.1,57.1,0.0,replaces it with generally a really consumer,linked with generally a release to,linked with generally a release to
nnI4-RLwvjE_2__fb4603c9_00_000000_000093,Other,88.9,88.9,0.0,how many people love this what is this tea,people have seen the princess,people have seen the princess
vBCnI4kf3-E_0__d2216cbf_01_000250_000328,Sports/Fitness,100.0,100.0,0.0,weight so they're really concerned about being very,i'm going to tell you,the speaker is discussing sports and fitness
ru4ib0mtbiE_2__4d13d75a_00_000000_000093,Cooking/Food,90.9,90.9,0.0,because i cared a great deal about the company and about,second inquiry is around the ethics around it,second degree is around the corner
UNxcFt9zxU4_21__1be4a893_00_000000_000094,Other,100.0,100.0,0.0,contracting and getting smaller on the exhale,this traditional indigenous clothing that day,the speaker is discussing other
xlcsWfMNiuY_0__f5af739c_00_000000_000091,Other,33.3,33.3,0.0,now let's take a look at how to write n in c,now let's take a look at how to create energy,now let's take a look at how to create energy
w16J2muOHSQ_6__d2d16d7f_00_000000_000091,Other,92.9,92.9,0.0,on here and say it's you know x number of inches or centimeters long,in the states you know how many provisions there are in the constitution,in the states you know how many provisions are there in the constitution
bSi58E25fpk_23__be846574_00_000000_000091,Other,100.0,100.0,0.0,called autism i have desires to,thank you,us and thank you
DYZKgzvPexU_0__ad4114ab_00_000000_000073,Other,100.0,100.0,0.0,hey how's it going youtube i'm 5'6 and i'm here to,and it's clear that viruses can be transmitted,i am a neurosurgeon i operate on the brain
dyUoixloi3w_2__f85b05e4_00_000000_000091,Technology,91.7,91.7,0.0,something to make it easier to bring native code to the web,can make a difference and so can you,can make a difference because we're
me4NK5EgjRY_1__0915b2cb_00_000000_000073,Other,100.0,100.0,0.0,we also have remote boom and bucket position,2000 miles across the united states,the speaker is discussing other
XRBgq9geGUU_8__9dad42e1_00_000000_000091,Other,68.8,68.8,0.0,mistakes and i think if you don't get out of that rut you just end up,not anything you can get out of that run in your chimp,not anything you can get out of that run in your chimp
VzvMdy4lRsM_0__e17d8873_00_000000_000091,Other,77.8,77.8,0.0,so lately derek has been bugging me about going,school lunches tend to be bringing me about,school lunches tend to be bringing me about
PeMn2nJOuSs_4__97bcd9cf_00_000000_000091,Other,100.0,100.0,0.0,i got dumped by my girlfriend of like four years,in order to have a better life therefore you,the speaker is discussing other
HerZkp2j5lw_41__e158543b_00_000000_000073,Other,50.0,50.0,0.0,chlamydia one of the leading causes of infertility,in media one of the leading causes of infant mortality,in media one of the leading causes of infant mortality
0JWDV8kPq4k_9__b01d87a8_00_000000_000091,Cooking/Food,100.0,100.0,0.0,let's see a half a cup of,i have to say thank you,the speaker is discussing cooking food
b00Zz-l41bg_0__7b0cb5f9_00_000000_000091,Other,100.0,100.0,0.0,the air in the bottle between trials,and the middle school grades with,and the model minority stereotype with
XikpVa0tyq8_11__6aebaefd_00_000000_000091,Other,80.0,80.0,0.0,what is a tearoom a tearoom is a public restroom,i actually grew up in a public housing,i actually grew up in a public housing
9h5KzYDn3vs_0__44d3d19f_00_000000_000091,Other,81.8,81.8,0.0,really for anybody out there who's using older imacs or mac,if anybody out there through the whole time has just made,if anybody out there through the whole time has just made
b4a7Ty1TpKU_14__e4a81cf2_00_000000_000073,Other,81.8,81.8,0.0,add all the numbers from 1 to 200 in your head,all the words in the world to describe them,all the words in the right order so that
GBy1PCve7Aw_2__e89c46a8_00_000000_000091,Medical/Health,100.0,100.0,0.0,most healthful members are 7 inches long,i'm so happy to be here today,the speaker is discussing medical health
PQBcJvx48g4_7__63a3feb2_00_000000_000073,Other,87.5,87.5,0.0,guitar the kick drum was very very punchy,are they get troubled with a very very pushy,are they get troubled with a very very pushy
z0Q28sgCJfA_0__0e09c463_00_000000_000073,Technology,88.9,88.9,0.0,the american chestnut tree at one time approximately 100,about justice for the one time and possibility is,about justice for the one time and possibility is
InTf0ol-FPM_10__3280cc9a_00_000000_000091,Religion/Spirituality,100.0,100.0,0.0,god that's so genius i don't care what anyone,this is called the sushi rolling technique,this is called the sushi rolling technique
v3uIikFTJKQ_0__9a788020_00_000000_000091,Other,100.0,100.0,0.0,this thing and what none of his family,that's fine but no,the speaker is discussing other
YXhQEKAhruk_1__87c3598d_00_000000_000073,Other,88.2,88.2,0.0,the front foot the heel is supposed to line up with the inner arch of the foot,turn your head from the front line and bring your arms over the freedom,turn your head from the front line and bring your arms over the freedom
vEk30YMCUu0_18__d8fba046_00_000000_000075,Religion/Spirituality,100.0,100.0,0.0,to see advanced jesus and talk to them about it,so i'm going to tell you a story,the speaker is discussing religion and spirituality
kTQ4xi3dLZ8_10__95eacf72_00_000000_000090,Other,87.5,87.5,0.0,both people are atheists they're just different kinds,people are at the edge of their seat,people are at the edge of their seat
xOAv1Q5oZkA_0__b58807a3_00_000000_000075,Other,100.0,100.0,0.0,community so there's a lot of people that need,when i was in high school i was,the speaker is discussing other
UbdUhF9PAP8_0__7e58e5bd_00_000000_000090,Other,100.0,100.0,0.0,a group channel track was a bit different than,chernobyl once the biggest disaster in history,chernobyl once the biggest disaster in history
A9O-Bd2uB5Q_0__937fb9c4_00_000000_000075,Education/Academic,100.0,100.0,0.0,same they both survive only through the suppression of knowledge,20 years ago when i,the speaker is discussing education
IY-kIOOL3NE_0__e40b2d1c_00_000000_000072,Other,100.0,100.0,0.0,while now through various means including telling whether,three very important things,three very important things
XQRdIC1NnKk_0__416d64f5_00_000000_000075,Other,83.3,83.3,0.0,hard drive 8 gigs of ram,a driving a kick of red,a driving a kick of red
VvzNF1sx5fY_2__e6573339_00_000000_000075,Other,100.0,100.0,0.0,you really have to educate yourself okay but if you don't want to,fruit and other healthy ingredients in beverages,food and other necessities in bags for the walk
SA54vF2qy1k_2__02857b39_00_000000_000075,Other,81.8,81.8,0.0,i see myself very much as a designer although the work,limited very much so i,limited very much so thank you
10xhJGx6-kc_0__425086d0_00_000000_000090,Other,71.4,71.4,0.0,those arrays that we have not declared,those are realities that we have to deal with,those are realities that we have to deal with
aHR0fEjS6xg_1__638ae0b2_00_000000_000075,Other,100.0,100.0,0.0,how long will he work for in his working life there's a boy by the way a boy,me so thank you very much for listening,the speaker is discussing other
9okRwa4YEOc_13__5c7361fe_00_000000_000090,Other,100.0,100.0,0.0,it looks very pretty i must say that,in history books maybe not yet but,in history books maybe not yet but
7SD8pR2IG1I_0__50f9aca8_00_000000_000090,Other,100.0,100.0,0.0,don't just open the door knock first,years ago when i was,the speaker is discussing other
Ty0NRKmR-8E_8__5463d4e2_01_000299_000386,Entertainment,87.5,87.5,0.0,was showing at the bahia sao paulo bahia,story about the power of healing through,story about the power of healing through
3cJtxPYktpQ_0__0dadea08_01_000300_000374,Other,88.9,88.9,0.0,you guys are already suggesting a bunch of different,so i wanted to share a personal story of,so i wanted to share a personal difference
RwpRB1VkmTo_0__ddd55926_01_000300_000366,Other,100.0,100.0,0.0,certain men to fight against the whole,so when i found out,the speaker is discussing other
vBCnI4kf3-E_0__d2216cbf_00_000000_000300,Sports/Fitness,97.4,100.0,-2.6,i've made lots of videos about weight loss however some people don't want to lose any more weight than they you know compared to what they've lost already they're actually looking to gain weight so they're really concerned about,when i was a little girl i always wanted to be a princess,the speaker is discussing sports and fitness
mEdhXlAGryQ_0__f562afb0_00_000000_000250,Other,77.1,80.0,-2.9,what's called the rst driver or the option rom that's part of the searle t and the pch so all the way around you've got pretty much all the connections that you could ask for,what's called the airline seat traveler's nightmare where you get stuck in the middle seat so all the rows of aisle seats are taken for,what's called the airline seat traveler's nightmare it's like being in purgatory so all the other modes of transportation are shut down for
KpcnLIhd47Q_10__6cfe1034_00_000000_000300,Other,96.6,100.0,-3.4,so we listen but we hide see we're only children but that's never an excuse you can never really run from the 8 o'clock news politics tension new developments,when i was 11 years old i was diagnosed with anorexia nervosa an eating disorder characterized by eating very little and exercising very,
S7z506sWJL4_0__9dec496c_00_000000_000284,Medical/Health,100.0,103.4,-3.4,i'm not very likely to have cancer we don't have cancer in my family as far as i'm aware and we tend to live fairly long most of my,i've never had the chance to address this before now i'd like to give it a try for the first time and i wish i could have this conversation with you,i've never had the courage to address this before now i'm going to give it a try for the first time and i wish i could have done this earlier for me
sEtk0Z2bEAE_8__51e6a419_00_000000_000164,Other,88.5,92.3,-3.8,12 95 free shipping i could have sold them for a little bit higher there was somebody there was one other seller that was selling them,very funny for example i love the experience of being angry because it was one of the only times in my,very funny for example i love the experience of being angry because it's one of the only times i can
9eMgiQSYz-o_4__615107b8_00_000000_000198,Other,82.6,87.0,-4.3,now but for the better for the better always because pluto only destroys so to speak what is no longer suiting us anymore,pre pay or post pay always which would go all the way to disgruntled customers so to speak we didn't no longer shoot kids anymore,before pay over pay always which would go all the way to disgruntled employees we did no longer shoot kids anymore
gIHLlnru4-0_3__eec4d1ef_00_000000_000216,Other,90.5,95.2,-4.8,about disruptive innovation a real paradigm shift in solo mo we are zenuber io and we're here to change the world,i'm from san francisco california we are one of the most diverse cities in the united states,the speaker is discussing other we're in san francisco california where it's always sunny and 72 degrees
siasPexluN0_8__ec82100f_00_000000_000147,Other,90.5,95.2,-4.8,it's easy to get people to sign up for the idea of accountability i mean everybody knows no man's an island,i'm very proud to be a part of the carnegie program and i think it's an honor to be,the speaker is discussing other
w7NjzMgsX6M_12__12a163e0_00_000000_000156,Entertainment,85.0,90.0,-5.0,with a strong r and here's chlopa so when an r starts a word in portuguese how does it sound,strong heart and in her own way she was a coach and also a mentor to,strong heart and an open mind to really coach and also work with the person inside herself
Ndh4d1RSpvg_0__30be35b9_00_000000_000230,Other,83.3,88.9,-5.6,so inflammatory or irritable bowel syndrome those are other candidates what we find a lot is that copper,pharmaceuticals on the organ donor and transplantation system those are other categories where we find content that they operate,flamingos on an oil rig in the gulf of guinea those are other candidates where we find content that they operate
w8zwMKoCQv8_0__febaa265_00_000000_000150,Technology,94.4,100.0,-5.6,i have a tablet a smart phone i can take my pictures and videos directly off my tablet,if i stop playing football all together anytime i make a shift or anything like that it stops me,if i stop playing football all together anytime i make a shift or anything like that it stops me from
3IuVw9zEpEE_0__e950d1d2_01_000239_000341,Other,94.4,100.0,-5.6,a noise with without even having to move your other hand so if you watch when i'm playing,you know because we didn't even have a movie theater in town so we rented,you know because we didn't even have music in our house there was no radio
0ziUE0XP1Nw_10__a4ef9395_00_000000_000226,Technology,82.4,88.2,-5.9,this is the camera and this is it the adapter it's supposed to go on like this,it's like a hammer and that's the only way to fix the world,the speaker is discussing technology
AXn1Y2oZL-Q_11__a59304c1_00_000000_000105,Technology,88.2,94.1,-5.9,i mean it's a number i knew my screen resolution at the time was 1024 by 768,is in a book you must do your research at the time which was day 24 by stephen covey and,is in book i do much doing research at the time which is day 24 by stephen cen and
XkBLBlF4TYo_1__995a8ace_01_000300_000448,Other,93.8,100.0,-6.2,actually maybe enough to even cause flooding in some locations that's the kind of precipitation we're,actually maybe it doesn't even have to fly in a specific location like that but someone with access to,actually maybe it doesn't even have to fly into a specific location like that but someone could actually walk
xIhiB6hcrnE_0__b3b24c4b_00_000000_000090,Other,93.3,100.0,-6.7,so i kind of want to address what you and i were talking about first,it's like i don't know what to do with myself,the speaker is discussing other
9jeAcNRkBXI_1__89e77bc0_00_000000_000142,Education/Academic,92.9,100.0,-7.1,told me that was how you learned what was going on and my sister,exposure to toxins in the air and,specialty to its students and that makes it
d6g581tJ7bM_2__106bbe5f_01_000299_000418,Other,64.3,71.4,-7.1,inside and that's the surface of the eye it's a very interesting chemical interface,and that's the service of the fans to keep it all connected and,that's the service of the defendant to keep it all confidential and
h7L7lo2nsY8_30__efb95d1e_00_000000_000099,Other,92.3,100.0,-7.7,and ask us what plane to put this sketch on so we'll click,it just takes a second to decide that i don't want to,the speaker is discussing other
4MCGXRJKA84_3__af6bff4f_00_000000_000213,Other,91.7,100.0,-8.3,or you can move back over to it now i'm just going to type in my information so i have negative 1 positive 1,i don't know what i'm going to be when i grow up i just know that i want to help people,the speaker is discussing other
eNY9S8bqna8_15__2b553275_00_000000_000170,Cooking/Food,91.7,100.0,-8.3,terminal window if we type that again and the shortcut for doing that by the way is up arrow will repeat the last command,i'm going to quote david attenborough the naturalist and broadcaster from the british television channel,we're going to talk about cooking food recognize this speech in english
pVd4i5KRXRo_17__21e23525_00_000000_000146,Other,91.7,100.0,-8.3,so even if india takes myanmar away from china in an economic,nights so even if he needs eight hours of sleep away from tracking and coming back,nights so even if he needs eight hours of sleep away from checking email and coming back
lf--JgeQ59U_14__7a3455dc_00_000000_000131,Other,91.7,100.0,-8.3,this must plug into this and not into the base at all,this was written in 1999 so it's a little dated but,the speaker is discussing other
3Zw0SigQNRA_10__4eedf680_01_000250_000328,Politics/News,83.3,91.7,-8.3,but they're not regulated because they don't come the laws are out,of friends because i don't want to,off grading because who cares about that
A7Md8RxpEIg_3__b9ba02e6_00_000000_000091,Other,91.7,100.0,-8.3,and it'll tell you why you shouldn't buy it for your laptop,just like you i was driven by a few lap times,the speaker is discussing other
dsHOOkV1A9o_0__535bcc24_00_000000_000091,Other,91.7,100.0,-8.3,that he had allergies on top of it so that's another component,get out of college so that's a dollar a book,i'll just stop so that's a dollar per day
8M9YMNJa2Rs_0__160b8ec0_00_000000_000118,Religion/Spirituality,100.0,109.1,-9.1,god designed the whole universe to be in symphony and harmony,take the whole story and turn it into a movie because it,take the whole story and turn it into some video because it's just
uBeeVn4hiLE_0__c81fc2f1_00_000000_000115,Other,76.2,85.7,-9.5,i think that's maybe why i liked it so much it was just very it very much held onto the story,think it's funny i like to tell people that we're just very very very yellow,in february i like to tell people it's very very very yellow
Gm-uL77evsA_7__e5eaea5d_00_000000_000259,Medical/Health,100.0,110.0,-10.0,you know earlier you mentioned that maybe i was opposed to medical marijuana and i said no i was just,no i don't think there's any reason to think that maybe it was moore's law we all know that it was,the speaker is discussing medical health well i don't know if i mentioned this maybe i was boozing when i wrote it but it was
u4SF-fxFfEs_14__676d86b1_00_000000_000091,Sports/Fitness,90.0,100.0,-10.0,and scientists with team immediate action is needed to improve,1950 but that actually didn't improve,1950 and we can actually see the improvement
eLS1vcpGVHQ_12__e9dd9adc_00_000000_000090,Other,90.0,100.0,-10.0,i surrendered good quite i surrendered to the low security,years ago when i was,the speaker is discussing other
wXWA6OXkPWY_0__fd81f122_00_000000_000091,Other,77.8,88.9,-11.1,of the 12 tribes of the children of israel,12 times on the tutu of the shirt,twelve times on the tuition of the shirt
awy4VObEPUk_7__75cff8f7_00_000000_000359,Other,80.8,92.3,-11.5,from an early age up through even college and there's not a whole lot for adults in here but it does give some good general guidelines,of computer geek jumped through leave the netherlands and to stay in hong kong for another year but this is if some good shenanigans,of computer geek jumped through leave the netherlands and to stay in holland for another year please don't judge someone on their talents and
wTJZcVBobyQ_0__c223749c_00_000000_000300,Other,88.5,100.0,-11.5,we use i won't get into brands but different stuccoes have different suctions and so ghosting effects if you know how to get the suction right,i don't know if i'm going to be able to,the speaker is discussing other
UDUzjcEB9UE_3__6084731d_00_000000_000131,Other,87.5,100.0,-12.5,hey it's cheyenne and today i am playing yo world and i don't usually do this,1980s and i went to one of those all girl private schools and,the speaker is discussing other
mnsm18UStpg_4__a67fae4e_00_000000_000092,Other,87.5,100.0,-12.5,and speak to and interact with both the,2000 years ago and,the speaker is discussing other
TsW0x9WhoOY_6__2bf37d67_00_000000_000091,Entertainment,86.7,100.0,-13.3,i was able to put this cabinet and that one over there show them that,for this time and i have to figure out how to,the speaker is discussing entertainment
ZCEou81szUI_0__5287549e_00_000000_000244,Entertainment,86.4,100.0,-13.6,to right to six behind side cross side and you start over again now let me go the dance with the counts,around the city behind the skyscrapers behind the lights behind the houses behind the,around the city behind the skyscrapers behind the lights behind the clouds and how beautiful it is to work out in the
65N3qPp0q68_7__8c717027_00_000000_000136,Other,85.7,100.0,-14.3,ooh that's rather like a drinking yoghurt,that's why they lie it's trickery,the speaker is discussing other
KHOr3HMQcXo_3__4fa0e96c_01_000299_000383,Other,85.7,100.0,-14.3,but that asylum was denied in 2010,that science and religion can coexist,that's not the way research works
ybR8S2FA-A0_0__c92ab9d5_00_000000_000173,Other,100.0,115.4,-15.4,goes on coral grab by maria mag is a 32 count 2 way,have no choice to do what our people have been doing since the,have no choice to do what our people have been doing since the dawn of
jnPEjbGzWVQ_29__ab65d565_00_000000_000075,Other,84.6,100.0,-15.4,sometime between 6 and 8 p m eastern and we'll get that out,september 26th came and went and i didn't work there,the speaker is discussing other recognize this speech in english
ZA1MLWDnImU_0__c82c2277_00_000000_000090,Cooking/Food,84.6,100.0,-15.4,you will get a choice of create a profile or calibrate your printer,in search of the right profile called animal husbandry,institute for non profit called animal welfare advocates
plJcn0IaPZg_8__a23a897e_00_000000_000260,Technology,83.3,100.0,-16.7,see how they work they both came with level 4 software licensing and i don't know if i've talked about it but i'm not a huge fan of software licensing,i don't know if it's a coincidence or not but,the speaker is discussing technology
dGBWElpK59k_8__2d7b98d1_01_000300_000369,Other,83.3,100.0,-16.7,browser right now this is blank,also right here in this,i'll try to explain it
ZgK5a7Ygk7A_0__03707105_00_000000_000158,Other,78.3,95.7,-17.4,you're gonna pay 700 over ringgit no i'm like what straight away you have to pay before you port over to another telco,because if you're overthinking you'll come up with the wrong answer you have to play it out before you buy over to the zero,because it's very hard to overthink and talk about it in a rational way you have to play it out for you to buy over to the zero
mZ6s1YhKeMg_9__1666f48b_00_000000_000088,Other,81.8,100.0,-18.2,up the order and just a little bit over the edge,to the neurosurgeon she's sitting up in the operating,to those streets and she's sitting up in her wheelchair and she
9KACXV-cW-4_0__724f88a1_00_000000_000072,Other,100.0,120.0,-20.0,now those predictions i think,of first impressions by this,of first impressions the same author
RTQGYPibdqA_2__2d36ae98_01_000299_000372,Other,80.0,100.0,-20.0,canon usa look for it,eat chicken or for that,in the curriculum or further
Sh-NYbDcUug_1__4573a439_00_000000_000329,Cooking/Food,91.7,113.9,-22.2,close parentheses to type it in and then once i've finished typing that in you'll see the word hello displayed in our preview window pretty cool right pretty simple all that stuff is great now what,person to do it they'd be like i don't want to feel like i'm eating a sandwich that was made in a perfect room with perfect air conditioning perfect temperature now,person to do it so that's what i'm going to be doing for the next 15 minutes or so and then we're going to get out of here because i don't want to be here any longer than i have to now
KpcnLIhd47Q_10__6cfe1034_01_000250_000314,Other,100.0,125.0,-25.0,tension new developments every,physical and emotional,the speaker is discussing other
-7tusOdq-Aw_9__433c1e07_00_000000_000075,Business/Finance,90.9,127.3,-36.4,the 25 most important people to the growth of your business,the one that i'm most proud of is this one,so what's the point of all this let me tell you what the point is
oOcLf4qcoG4_0__a55c5024_00_000000_000091,Other,38.5,92.3,-53.8,or you can actually bring the pro controller with you on the go,to actually bring the broken dollar with you on the go,the speaker is discussing other
j9EUO6q-C3g_0__9c4dd2e3_00_000000_000148,Cooking/Food,100.0,188.9,-88.9,teaspoon of baking soda and salt you may say,beethoven sonata and it's going to take you about 15,the speaker is discussing cooking food recognize this song and it's got a lot of humor in it
XkBLBlF4TYo_1__995a8ace_00_000000_000360,Cooking/Food,92.7,197.6,-104.9,see a little mix in on the backside you can see on the backside of our system we're going to see a little wintery weather so tuesday is an all day downpour cold rain actually maybe enough to even cause flood,a little mixed on the back side it's like the bad side versus the good side one zero one two zero three zero four zero five zero six zero seven zero eight zero nine zero ten zero eleven zero twelve,a little mixed on the backside it's like the bad side versus the good side one zero one two zero three zero four zero five zero six zero seven zero eight zero nine zero a zero b zero c zero d zero e zero f zero g zero h zero i zero j zero k zero l zero m zero n zero o zero p zero q zero r zero s zero t zero u zero v zero w zero x zero y zero z zero
